run,thisN,thisTrialN,thisRepN,scene_stimulus,scene_cat,scene_label,item_stimulus,item_cat,item_type,congruency,integrated_stimulus,key_resp_remember.keys,key_resp_context.keys,key_resp_context.corr,key_resp_context.rt,key_resp_context.duration,key_resp_context_conf.keys,key_resp_context_conf.rt,key_resp_context_conf.duration,key_resp_scenes.keys,key_resp_scenes.corr,key_resp_scene_conf.keys,runs.thisRepN,runs.thisTrialN,runs.thisN,runs.thisIndex,trials.thisRepN,trials.thisTrialN,trials.thisN,trials.thisIndex,thisRow.t,notes,subs_rand_vars.started,subs_rand_vars.stopped,set_instructions.started,set_instructions.stopped,ret_inst_scr.started,text_instructions.started,key_resp_start.started,ret_inst_scr.stopped,key_resp_start.keys,key_resp_start.rt,key_resp_start.duration,ret_inst2.started,text_instructions_2.started,key_resp_start_2.started,ret_inst2.stopped,key_resp_start_2.keys,key_resp_start_2.rt,key_resp_start_2.duration,scene_names_reminder.started,text_reminder.started,image1.started,image2.started,image3.started,image4.started,textbox1.started,textbox2.started,textbox3.started,textbox4.started,key_reminder.started,scene_names_reminder.stopped,key_reminder.keys,key_reminder.rt,key_reminder.duration,blank3000_2.started,text_3.started,text_3.stopped,blank3000_2.stopped,create_runs_stim_div.started,create_runs_stim_div.stopped,set_rows.started,set_rows.stopped,item_imagine_scene.started,item_cue.started,item_imagine_scene.stopped,trials.key_resp_remember.keys,blank1000.started,blank1000.stopped,select_context.started,text_context_headline.started,text_sea.started,text_jungle.started,key_resp_context.started,select_context.stopped,trials.key_resp_context.keys,trials.key_resp_context.corr,trials.key_resp_context.rt,trials.key_resp_context.duration,blank500.started,text_blank.started,text_blank.stopped,blank500.stopped,context_confidence.started,slider_context_conf.started,key_resp_context_conf.started,text_context_choice.started,context_confidence.stopped,trials.key_resp_context_conf.keys,trials.key_resp_context_conf.rt,trials.key_resp_context_conf.duration,select_scene_name.started,text_scene_headline.started,text_actual_context.started,text_q_scene.started,text_labels.started,text_scene_headline.stopped,text_actual_context.stopped,text_q_scene.stopped,text_labels.stopped,select_scene_name.stopped,trials.key_resp_scenes.keys,trials.key_resp_scenes.corr,scene_confidence.started,text_chosen_scene.started,slider_scene_conf.started,key_resp_scene_conf.started,text_chosen_scene.stopped,slider_scene_conf.stopped,key_resp_scene_conf.stopped,scene_confidence.stopped,trials.key_resp_scene_conf.keys,blank3000.started,blank3000.stopped,participant,session,delay,group,date,expName,expVersion,psychopyVersion,frameRate,expStart,
,,,,,,,,,,,,,,,,,,,,,,,,,,,,,,,,,0.08659362499747658,0.08729058300014003,,,,,,,,,,,,,,,,,,,,,,,,,,,,,,,,,,,,,,,,,,,,,,,,,,,,,,,,,,,,,,,,,,,,,,,,,,,,,,,,,,,,,,,,,,,303,001,,,2026-05-04_23h37.50.249,SBL_retrieval_MEG,,2025.2.4,None,2026-05-04 23h37.50.994279 +0200,
,,,,,,,,,,,,,,,,,,,,,,,,,,,,,,,,,,,0.08731779200024903,0.08754408299864735,,,,,,,,,,,,,,,,,,,,,,,,,,,,,,,,,,,,,,,,,,,,,,,,,,,,,,,,,,,,,,,,,,,,,,,,,,,,,,,,,,,,,,,,,303,001,,,2026-05-04_23h37.50.249,SBL_retrieval_MEG,,2025.2.4,None,2026-05-04 23h37.50.994279 +0200,
,,,,,,,,,,,,,,,,,,,,,,,,,,,,,,,,,,,,,0.08757412499835482,0.097104374999617,0.097104374999617,1.2337271249998594,space,1.0611416669999016,None,,,,,,,,,,,,,,,,,,,,,,,,,,,,,,,,,,,,,,,,,,,,,,,,,,,,,,,,,,,,,,,,,,,,,,,,,,,,,,,,,,303,001,,,2026-05-04_23h37.50.249,SBL_retrieval_MEG,,2025.2.4,None,2026-05-04 23h37.50.994279 +0200,
,,,,,,,,,,,,,,,,,,,,,,,,,,,,,,,,,,,,,,,,,,,,1.2338038329980918,1.2407248749987048,1.2407248749987048,2.48940195799878,space,1.2390753750005388,None,,,,,,,,,,,,,,,,,,,,,,,,,,,,,,,,,,,,,,,,,,,,,,,,,,,,,,,,,,,,,,,,,,,,,,,,,,,303,001,,,2026-05-04_23h37.50.249,SBL_retrieval_MEG,,2025.2.4,None,2026-05-04 23h37.50.994279 +0200,
,,,,,,,,,,,,,,,,,,,,,,,,,,,,,,,,,,,,,,,,,,,,,,,,,,,2.7406597079971107,2.759693541996967,2.759693541996967,2.759693541996967,2.759693541996967,2.759693541996967,2.759693541996967,2.759693541996967,2.759693541996967,2.759693541996967,4.502917499998148,5.85397945799923,space,1.3430079169993405,None,,,,,,,,,,,,,,,,,,,,,,,,,,,,,,,,,,,,,,,,,,,,,,,,,,,,,,,,,,,,303,001,,,2026-05-04_23h37.50.249,SBL_retrieval_MEG,,2025.2.4,None,2026-05-04 23h37.50.994279 +0200,
,,,,,,,,,,,,,,,,,,,,,,,,,,,,,,,,,,,,,,,,,,,,,,,,,,,,,,,,,,,,,,,,,,5.854023500000039,5.8595641249994515,8.884530207997159,8.843992791997152,,,,,,,,,,,,,,,,,,,,,,,,,,,,,,,,,,,,,,,,,,,,,,,,,,,,,,,,303,001,,,2026-05-04_23h37.50.249,SBL_retrieval_MEG,,2025.2.4,None,2026-05-04 23h37.50.994279 +0200,
,,,,,,,,,,,,,,,,,,,,,,,,,,,,,,,,,,,,,,,,,,,,,,,,,,,,,,,,,,,,,,,,,,,,,,8.846050207997905,8.846488041999692,,,,,,,,,,,,,,,,,,,,,,,,,,,,,,,,,,,,,,,,,,,,,,,,,,,,,,303,001,,,2026-05-04_23h37.50.249,SBL_retrieval_MEG,,2025.2.4,None,2026-05-04 23h37.50.994279 +0200,
0,0,0,0,stimuli/TESTscenes/UA_1.jpg,Undersea,Negvi,stimuli/items/jungle_animal_27.png,Jungle,animal,si,stimuli/integrated/jungle_a_jungle_animal_27.jpg,None,2,0,0.6379247500008205,None,1,1.0000957080010267,None,None,0,None,0,0,0,0,0,0,0,0,8.884530207997159,,,,,,,,,,,,,,,,,,,,,,,,,,,,,,,,,,,,,,,,,8.860964583000168,8.861384832998738,8.8786822080001,8.884530207997159,12.870676999998977,None,16.07093554200037,17.061018624997814,13.885857792000024,13.8943430420004,13.8943430420004,13.8943430420004,0.024508959002560005,14.527082458000223,2,0,0.6379247500008205,None,19.57094445799885,19.574289082996984,20.086685499998566,20.06023062500026,15.031700707997516,15.064642041998013,15.064642041998013,15.104000457999064,16.070873707998544,1,1.0000957080010267,None,17.07246508299795,17.081045666996943,17.081045666996943,17.081045666996943,17.081045666996943,19.574289082996984,19.574289082996984,19.574289082996984,19.574289082996984,19.570848666997335,None,0,20.067100124997523,20.086685499998566,20.086685499998566,20.086685499998566,22.074425249997148,22.074425249997148,22.074425249997148,22.07049045799795,None,22.070541166998737,25.060395917000278,303,001,,,2026-05-04_23h37.50.249,SBL_retrieval_MEG,,2025.2.4,None,2026-05-04 23h37.50.994279 +0200,
,1,1,0,stimuli/TESTscenes/JB_1.jpg,Jungle,Malbow,stimuli/items/jungle_animal_41.png,Jungle,animal,sc,stimuli/integrated/jungle_a_jungle_animal_41.jpg,,,,,,,,,,,,,,,,0,1,1,1,,,,,,,,,,,,,,,,,,,,,,,,,,,,,,,,,,,,,,,,,,,,,,,,,,,,,,,,,,,,,,,,,,,,,,,,,,,,,,,,,,,,,,,,,,,,,,,,,,,,,,,,,
